Entity,Code,Year,Value
Afghanistan,AFG,2000,7.93994910036
Afghanistan,AFG,2005,8.55104232466
Afghanistan,AFG,2010,7.27124898112
Afghanistan,AFG,2015,7.19228299167
Albania,ALB,2000,0
Albania,ALB,2005,0
Albania,ALB,2010,0
Albania,ALB,2015,0
Algeria,DZA,2000,0.0265302728925
Algeria,DZA,2005,0.0252430980577
Algeria,DZA,2010,0.0226293845359
Algeria,DZA,2015,0.0216291231219
American Samoa,ASM,2000,0.254118808419
American Samoa,ASM,2005,0.239086813662
American Samoa,ASM,2010,0.212127175939
American Samoa,ASM,2015,0.207376660023
Andorra,AND,2000,0
Andorra,AND,2005,0
Andorra,AND,2010,0
Andorra,AND,2015,0
Angola,AGO,2000,32.0451917462
Angola,AGO,2005,54.0792880263
Angola,AGO,2010,31.9177779158
Angola,AGO,2015,28.3801208333
Antigua and Barbuda,ATG,2000,0
Antigua and Barbuda,ATG,2005,0
Antigua and Barbuda,ATG,2010,0
Antigua and Barbuda,ATG,2015,0
Argentina,ARG,2000,0.0161024885039
Argentina,ARG,2005,0.0111537083202
Argentina,ARG,2010,0.00808258856245
Argentina,ARG,2015,0.00568589798168
Armenia,ARM,2000,0.018781139019
Armenia,ARM,2005,0.0148748930134
Armenia,ARM,2010,0.010942724671
Armenia,ARM,2015,0
Australia,AUS,2000,0
Australia,AUS,2005,0
Australia,AUS,2010,0
Australia,AUS,2015,0
Austria,AUT,2000,0
Austria,AUT,2005,0
Austria,AUT,2010,0
Austria,AUT,2015,0
Azerbaijan,AZE,2000,0.0230476012404
Azerbaijan,AZE,2005,0.0167859938567
Azerbaijan,AZE,2010,0.0110879585827
Azerbaijan,AZE,2015,0.00697560049415
Bahamas,BHS,2000,0
Bahamas,BHS,2005,0
Bahamas,BHS,2010,0
Bahamas,BHS,2015,0
Bahrain,BHR,2000,0
Bahrain,BHR,2005,0
Bahrain,BHR,2010,0
Bahrain,BHR,2015,0
Bangladesh,BGD,2000,2.75141807127
Bangladesh,BGD,2005,1.75081008901
Bangladesh,BGD,2010,1.3443825544
Bangladesh,BGD,2015,1.12976614961
Barbados,BRB,2000,0
Barbados,BRB,2005,0
Barbados,BRB,2010,0
Barbados,BRB,2015,0
Belarus,BLR,2000,0
Belarus,BLR,2005,0
Belarus,BLR,2010,0
Belarus,BLR,2015,0
Belgium,BEL,2000,0
Belgium,BEL,2005,0
Belgium,BEL,2010,0
Belgium,BEL,2015,0
Belize,BLZ,2000,0.224265841669
Belize,BLZ,2005,0.143190429921
Belize,BLZ,2010,0.101567485166
Belize,BLZ,2015,0.0865859025173
Benin,BEN,2000,70.2447499504
Benin,BEN,2005,107.067925393
Benin,BEN,2010,83.3210947806
Benin,BEN,2015,69.5025985285
Bermuda,BMU,2000,0.011144160002
Bermuda,BMU,2005,0.0107200649566
Bermuda,BMU,2010,0.0102899435737
Bermuda,BMU,2015,0.0096731393324
Bhutan,BTN,2000,4.78488626403
Bhutan,BTN,2005,3.79996599384
Bhutan,BTN,2010,3.21267142946
Bhutan,BTN,2015,2.45161815749
Bolivia,BOL,2000,0.189916243295
Bolivia,BOL,2005,0.122888864333
Bolivia,BOL,2010,0.0997354988116
Bolivia,BOL,2015,0.085561354559
Bosnia and Herzegovina,BIH,2000,0
Bosnia and Herzegovina,BIH,2005,0
Bosnia and Herzegovina,BIH,2010,0
Bosnia and Herzegovina,BIH,2015,0
Botswana,BWA,2000,1.71413766101
Botswana,BWA,2005,1.41792869166
Botswana,BWA,2010,1.15497733421
Botswana,BWA,2015,1.12599707102
Brazil,BRA,2000,0.088973037629
Brazil,BRA,2005,0.0583631519447
Brazil,BRA,2010,0.044187525421
Brazil,BRA,2015,0.037736036016
Brunei,BRN,2000,0
Brunei,BRN,2005,0
Brunei,BRN,2010,0
Brunei,BRN,2015,0
Bulgaria,BGR,2000,0
Bulgaria,BGR,2005,0
Bulgaria,BGR,2010,0
Bulgaria,BGR,2015,0
Burkina Faso,BFA,2000,180.98787267
Burkina Faso,BFA,2005,188.93741275
Burkina Faso,BFA,2010,179.864739452
Burkina Faso,BFA,2015,139.622109988
Burundi,BDI,2000,182.965699169
Burundi,BDI,2005,110.764123498
Burundi,BDI,2010,82.8238283588
Burundi,BDI,2015,50.8257712447
Cambodia,KHM,2000,21.4929775238
Cambodia,KHM,2005,17.6298124612
Cambodia,KHM,2010,16.0720952247
Cambodia,KHM,2015,14.2930084005
Cameroon,CMR,2000,127.147619923
Cameroon,CMR,2005,161.946986367
Cameroon,CMR,2010,106.411809625
Cameroon,CMR,2015,92.5124756585
Canada,CAN,2000,0
Canada,CAN,2005,0
Canada,CAN,2010,0
Canada,CAN,2015,0
Cape Verde,CPV,2000,0.0924417162394
Cape Verde,CPV,2005,0.0819748446131
Cape Verde,CPV,2010,0.0770766247916
Cape Verde,CPV,2015,0.0699356039093
Caribbean,,2000,0.120155357436
Caribbean,,2005,0.0820879427752
Caribbean,,2010,0.0708337459991
Caribbean,,2015,0.0591914362175
Central African Republic,CAF,2000,82.8070514534
Central African Republic,CAF,2005,98.7115429922
Central African Republic,CAF,2010,82.7872217906
Central African Republic,CAF,2015,57.3914400867
Chad,TCD,2000,49.646158124
Chad,TCD,2005,47.5775821223
Chad,TCD,2010,39.0712135638
Chad,TCD,2015,35.7889881765
Chile,CHL,2000,0
Chile,CHL,2005,0
Chile,CHL,2010,0
Chile,CHL,2015,0
China,CHN,2000,0.0203924892132
China,CHN,2005,0.0179363321634
China,CHN,2010,0.0142121392963
China,CHN,2015,0.0123589917452
Colombia,COL,2000,0.280486919106
Colombia,COL,2005,0.187318939728
Colombia,COL,2010,0.128764631231
Colombia,COL,2015,0.108482850457
Comoros,COM,2000,0.283350794668
Comoros,COM,2005,0.242905590609
Comoros,COM,2010,0.86255772975
Comoros,COM,2015,0.129543971015
Congo,COG,2000,83.4321256664
Congo,COG,2005,91.0779654746
Congo,COG,2010,54.327386532
Congo,COG,2015,59.6056549452
Costa Rica,CRI,2000,0.0135577683918
Costa Rica,CRI,2005,0.00927794773868
Costa Rica,CRI,2010,0.00672566231401
Costa Rica,CRI,2015,0.0047443199481
Cote d'Ivoire,CIV,2000,147.788528614
Cote d'Ivoire,CIV,2005,170.557492259
Cote d'Ivoire,CIV,2010,152.849819144
Cote d'Ivoire,CIV,2015,90.0547266265
Croatia,HRV,2000,0
Croatia,HRV,2005,0
Croatia,HRV,2010,0
Croatia,HRV,2015,0
Cuba,CUB,2000,0
Cuba,CUB,2005,0
Cuba,CUB,2010,0
Cuba,CUB,2015,0
Cyprus,CYP,2000,0
Cyprus,CYP,2005,0
Cyprus,CYP,2010,0
Cyprus,CYP,2015,0
Czech Republic,CZE,2000,0
Czech Republic,CZE,2005,0
Czech Republic,CZE,2010,0
Czech Republic,CZE,2015,0
Democratic Republic of Congo,COD,2000,148.851747084
Democratic Republic of Congo,COD,2005,143.706637523
Democratic Republic of Congo,COD,2010,124.69533038
Democratic Republic of Congo,COD,2015,80.7643177363
Denmark,DNK,2000,0
Denmark,DNK,2005,0
Denmark,DNK,2010,0
Denmark,DNK,2015,0
Djibouti,DJI,2000,0.198521510076
Djibouti,DJI,2005,0.716740979412
Djibouti,DJI,2010,0.0294694316363
Djibouti,DJI,2015,0.0893739069433
Dominica,DMA,2000,0
Dominica,DMA,2005,0
Dominica,DMA,2010,0
Dominica,DMA,2015,0
Dominican Republic,DOM,2000,0.0339297765959
Dominican Republic,DOM,2005,0.0290365625943
Dominican Republic,DOM,2010,0.025092860834
Dominican Republic,DOM,2015,0.0225600957088
Ecuador,ECU,2000,0.310376003289
Ecuador,ECU,2005,0.11555277683
Ecuador,ECU,2010,0.0707834506073
Ecuador,ECU,2015,0.0598012239333
Egypt,EGY,2000,0.0104028235187
Egypt,EGY,2005,0.0103807374661
Egypt,EGY,2010,0.0104757261897
Egypt,EGY,2015,0.0100736838243
El Salvador,SLV,2000,0.0213774268872
El Salvador,SLV,2005,0.0161641051351
El Salvador,SLV,2010,0.0117853889488
El Salvador,SLV,2015,0.00803880513074
England,,2000,0
England,,2005,0
England,,2010,0
England,,2015,0
Equatorial Guinea,GNQ,2000,169.234136466
Equatorial Guinea,GNQ,2005,180.281937662
Equatorial Guinea,GNQ,2010,121.444742639
Equatorial Guinea,GNQ,2015,111.578720339
Eritrea,ERI,2000,15.5323531384
Eritrea,ERI,2005,11.2041545998
Eritrea,ERI,2010,8.28180964777
Eritrea,ERI,2015,7.55920452265
Estonia,EST,2000,0
Estonia,EST,2005,0
Estonia,EST,2010,0
Estonia,EST,2015,0
Ethiopia,ETH,2000,22.8344817781
Ethiopia,ETH,2005,24.9383826655
Ethiopia,ETH,2010,2.32906049769
Ethiopia,ETH,2015,1.63752310207
Fiji,FJI,2000,0
Fiji,FJI,2005,0
Fiji,FJI,2010,0
Fiji,FJI,2015,0
Finland,FIN,2000,0
Finland,FIN,2005,0
Finland,FIN,2010,0
Finland,FIN,2015,0
France,FRA,2000,0
France,FRA,2005,0
France,FRA,2010,0
France,FRA,2015,0
Gabon,GAB,2000,73.0791194014
Gabon,GAB,2005,54.3769597229
Gabon,GAB,2010,43.0628261889
Gabon,GAB,2015,44.4818918328
Gambia,GMB,2000,58.7343018229
Gambia,GMB,2005,28.7249463532
Gambia,GMB,2010,19.8608921523
Gambia,GMB,2015,16.8163377133
Georgia,GEO,2000,0.0189522897927
Georgia,GEO,2005,0.0150892451794
Georgia,GEO,2010,0.0115023865105
Georgia,GEO,2015,0
Germany,DEU,2000,0
Germany,DEU,2005,0
Germany,DEU,2010,0
Germany,DEU,2015,0
Ghana,GHA,2000,95.9354075045
Ghana,GHA,2005,113.12600636
Ghana,GHA,2010,102.418551398
Ghana,GHA,2015,70.7860167813
Greece,GRC,2000,0
Greece,GRC,2005,0
Greece,GRC,2010,0
Greece,GRC,2015,0
Greenland,GRL,2000,0
Greenland,GRL,2005,0
Greenland,GRL,2010,0
Greenland,GRL,2015,0
Grenada,GRD,2000,0
Grenada,GRD,2005,0
Grenada,GRD,2010,0
Grenada,GRD,2015,0
Guam,GUM,2000,0.417967328808
Guam,GUM,2005,0.412957089501
Guam,GUM,2010,0.44074002058
Guam,GUM,2015,0.432889500799
Guatemala,GTM,2000,0.64557664174
Guatemala,GTM,2005,0.264956742428
Guatemala,GTM,2010,0.174705005521
Guatemala,GTM,2015,0.15287493098
Guinea,GIN,2000,98.7919712577
Guinea,GIN,2005,132.407947507
Guinea,GIN,2010,112.092048343
Guinea,GIN,2015,93.3005343023
Guinea-Bissau,GNB,2000,76.1341014739
Guinea-Bissau,GNB,2005,35.5225198233
Guinea-Bissau,GNB,2010,25.2482568304
Guinea-Bissau,GNB,2015,22.8358699029
Guyana,GUY,2000,3.42343870942
Guyana,GUY,2005,2.35021638563
Guyana,GUY,2010,1.8766697619
Guyana,GUY,2015,1.69931719991
Haiti,HTI,2000,0.144954429793
Haiti,HTI,2005,0.118262897245
Haiti,HTI,2010,0.128267669175
Haiti,HTI,2015,0.0978700178675
Honduras,HND,2000,0.44217541615
Honduras,HND,2005,0.422556033732
Honduras,HND,2010,0.394959081526
Honduras,HND,2015,0.375274498644
Hungary,HUN,2000,0
Hungary,HUN,2005,0
Hungary,HUN,2010,0
Hungary,HUN,2015,0
Iceland,ISL,2000,0
Iceland,ISL,2005,0
Iceland,ISL,2010,0
Iceland,ISL,2015,0
India,IND,2000,5.93171619471
India,IND,2005,4.84384629641
India,IND,2010,4.13517762992
India,IND,2015,4.06300680812
Indonesia,IDN,2000,4.13076670513
Indonesia,IDN,2005,3.53221216522
Indonesia,IDN,2010,3.31147319574
Indonesia,IDN,2015,2.71071279191
Iran,IRN,2000,0.0224780763683
Iran,IRN,2005,0.0189972245055
Iran,IRN,2010,0.0151211702861
Iran,IRN,2015,0.01391492285
Iraq,IRQ,2000,0.0354377974497
Iraq,IRQ,2005,0.0262470091435
Iraq,IRQ,2010,0
Iraq,IRQ,2015,0
Ireland,IRL,2000,0
Ireland,IRL,2005,0
Ireland,IRL,2010,0
Ireland,IRL,2015,0
Israel,ISR,2000,0
Israel,ISR,2005,0
Israel,ISR,2010,0
Israel,ISR,2015,0
Italy,ITA,2000,0
Italy,ITA,2005,0
Italy,ITA,2010,0
Italy,ITA,2015,0
Jamaica,JAM,2000,0
Jamaica,JAM,2005,0
Jamaica,JAM,2010,0
Jamaica,JAM,2015,0
Japan,JPN,2000,0
Japan,JPN,2005,0
Japan,JPN,2010,0
Japan,JPN,2015,0
Jordan,JOR,2000,0
Jordan,JOR,2005,0
Jordan,JOR,2010,0
Jordan,JOR,2015,0
Kazakhstan,KAZ,2000,0
Kazakhstan,KAZ,2005,0
Kazakhstan,KAZ,2010,0
Kazakhstan,KAZ,2015,0
Kenya,KEN,2000,37.2595883545
Kenya,KEN,2005,29.5355425487
Kenya,KEN,2010,7.61405116498
Kenya,KEN,2015,10.9400953232
Kiribati,KIR,2000,0
Kiribati,KIR,2005,0
Kiribati,KIR,2010,0
Kiribati,KIR,2015,0
Kuwait,KWT,2000,0
Kuwait,KWT,2005,0
Kuwait,KWT,2010,0
Kuwait,KWT,2015,0
Kyrgyzstan,KGZ,2000,0.0276229083757
Kyrgyzstan,KGZ,2005,0.0210913414314
Kyrgyzstan,KGZ,2010,0.0141168326803
Kyrgyzstan,KGZ,2015,0
Laos,LAO,2000,0.512703398199
Laos,LAO,2005,0.43954314387
Laos,LAO,2010,0.405565908751
Laos,LAO,2015,0.357762038269
Latvia,LVA,2000,0
Latvia,LVA,2005,0
Latvia,LVA,2010,0
Latvia,LVA,2015,0
Lebanon,LBN,2000,0
Lebanon,LBN,2005,0
Lebanon,LBN,2010,0
Lebanon,LBN,2015,0
Lesotho,LSO,2000,0
Lesotho,LSO,2005,0
Lesotho,LSO,2010,0
Lesotho,LSO,2015,0
Liberia,LBR,2000,119.229319145
Liberia,LBR,2005,126.7237532
Liberia,LBR,2010,91.9070375626
Liberia,LBR,2015,60.1965558152
Libya,LBY,2000,0
Libya,LBY,2005,0
Libya,LBY,2010,0
Libya,LBY,2015,0
Lithuania,LTU,2000,0
Lithuania,LTU,2005,0
Lithuania,LTU,2010,0
Lithuania,LTU,2015,0
Luxembourg,LUX,2000,0
Luxembourg,LUX,2005,0
Luxembourg,LUX,2010,0
Luxembourg,LUX,2015,0
Macedonia,MKD,2000,0
Macedonia,MKD,2005,0
Macedonia,MKD,2010,0
Macedonia,MKD,2015,0
Madagascar,MDG,2000,35.9213568115
Madagascar,MDG,2005,56.3563322307
Madagascar,MDG,2010,31.2231619852
Madagascar,MDG,2015,25.2111579648
Malawi,MWI,2000,111.041282287
Malawi,MWI,2005,73.6844054144
Malawi,MWI,2010,59.4247839046
Malawi,MWI,2015,46.9441491186
Malaysia,MYS,2000,0.0858509043819
Malaysia,MYS,2005,0.070606800481
Malaysia,MYS,2010,0.0644165073709
Malaysia,MYS,2015,0.0633694934919
Maldives,MDV,2000,0
Maldives,MDV,2005,0
Maldives,MDV,2010,0
Maldives,MDV,2015,0
Mali,MLI,2000,119.130689714
Mali,MLI,2005,142.799649214
Mali,MLI,2010,108.017693802
Mali,MLI,2015,118.37615804
Malta,MLT,2000,0
Malta,MLT,2005,0
Malta,MLT,2010,0
Malta,MLT,2015,0
Marshall Islands,MHL,2000,0
Marshall Islands,MHL,2005,0
Marshall Islands,MHL,2010,0
Marshall Islands,MHL,2015,0
Mauritania,MRT,2000,13.3726442009
Mauritania,MRT,2005,18.7151642537
Mauritania,MRT,2010,9.60394935813
Mauritania,MRT,2015,7.35135321598
Mauritius,MUS,2000,0.0122643735184
Mauritius,MUS,2005,0.0123640391053
Mauritius,MUS,2010,0.0116741578611
Mauritius,MUS,2015,0.0114874292841
Mexico,MEX,2000,0.0166626090454
Mexico,MEX,2005,0.0121008001034
Mexico,MEX,2010,0.00979569539191
Mexico,MEX,2015,0.00690693287711
Micronesia (country),FSM,2000,0
Micronesia (country),FSM,2005,0
Micronesia (country),FSM,2010,0
Micronesia (country),FSM,2015,0
Moldova,MDA,2000,0
Moldova,MDA,2005,0
Moldova,MDA,2010,0
Moldova,MDA,2015,0
Mongolia,MNG,2000,0
Mongolia,MNG,2005,0
Mongolia,MNG,2010,0
Mongolia,MNG,2015,0
Montenegro,MNE,2000,0
Montenegro,MNE,2005,0
Montenegro,MNE,2010,0
Montenegro,MNE,2015,0
Morocco,MAR,2000,0.0241086763452
Morocco,MAR,2005,0
Morocco,MAR,2010,0
Morocco,MAR,2015,0
Mozambique,MOZ,2000,136.977405284
Mozambique,MOZ,2005,102.050654852
Mozambique,MOZ,2010,73.9140484928
Mozambique,MOZ,2015,54.6845606247
Myanmar,MMR,2000,19.6986612581
Myanmar,MMR,2005,19.3629435696
Myanmar,MMR,2010,17.9350621637
Myanmar,MMR,2015,13.5410386996
Namibia,NAM,2000,8.86485904133
Namibia,NAM,2005,9.99316962225
Namibia,NAM,2010,4.77596038453
Namibia,NAM,2015,4.44464473186
Nepal,NPL,2000,3.05595184094
Nepal,NPL,2005,2.92348890559
Nepal,NPL,2010,2.52190581363
Nepal,NPL,2015,2.21238925774
Netherlands,NLD,2000,0
Netherlands,NLD,2005,0
Netherlands,NLD,2010,0
Netherlands,NLD,2015,0
New Zealand,NZL,2000,0
New Zealand,NZL,2005,0
New Zealand,NZL,2010,0
New Zealand,NZL,2015,0
Nicaragua,NIC,2000,0.241201754812
Nicaragua,NIC,2005,0.091756203613
Nicaragua,NIC,2010,0.0629633521689
Nicaragua,NIC,2015,0.0617552987132
Niger,NER,2000,123.925394667
Niger,NER,2005,147.78217146
Niger,NER,2010,159.835761706
Niger,NER,2015,124.81797241
Nigeria,NGA,2000,145.550385589
Nigeria,NGA,2005,142.915149164
Nigeria,NGA,2010,123.22225535
Nigeria,NGA,2015,95.4886699467
North Korea,PRK,2000,0.0226387993172
North Korea,PRK,2005,0.0168388516583
North Korea,PRK,2010,0.0128166942508
North Korea,PRK,2015,0.00976568323856
Northern Ireland,,2000,0
Northern Ireland,,2005,0
Northern Ireland,,2010,0
Northern Ireland,,2015,0
Northern Mariana Islands,MNP,2000,0.254094192979
Northern Mariana Islands,MNP,2005,0.23988375853
Northern Mariana Islands,MNP,2010,0.240237569831
Northern Mariana Islands,MNP,2015,0.244442575331
Norway,NOR,2000,0
Norway,NOR,2005,0
Norway,NOR,2010,0
Norway,NOR,2015,0
Oman,OMN,2000,0.0281048135626
Oman,OMN,2005,0
Oman,OMN,2010,0
Oman,OMN,2015,0
Pakistan,PAK,2000,4.15899234635
Pakistan,PAK,2005,3.88214608484
Pakistan,PAK,2010,3.98624930538
Pakistan,PAK,2015,3.54432341524
Palestine,PSE,2000,0
Palestine,PSE,2005,0
Palestine,PSE,2010,0
Palestine,PSE,2015,0
Panama,PAN,2000,0.0148274440661
Panama,PAN,2005,0.0147469001821
Panama,PAN,2010,0.0132983505111
Panama,PAN,2015,0.0119738248866
Papua New Guinea,PNG,2000,73.4408409133
Papua New Guinea,PNG,2005,56.919681604
Papua New Guinea,PNG,2010,18.5478854349
Papua New Guinea,PNG,2015,12.5502166304
Paraguay,PRY,2000,0.0168179118369
Paraguay,PRY,2005,0.0129543970311
Paraguay,PRY,2010,0.0101757818851
Paraguay,PRY,2015,0.0075003602017
Peru,PER,2000,0.0880186012677
Peru,PER,2005,0.0448995060086
Peru,PER,2010,0.0345808665125
Peru,PER,2015,0.0296183765915
Philippines,PHL,2000,0.436878515172
Philippines,PHL,2005,0.319217607723
Philippines,PHL,2010,0.237452767323
Philippines,PHL,2015,0.22225965542
Poland,POL,2000,0
Poland,POL,2005,0
Poland,POL,2010,0
Poland,POL,2015,0
Portugal,PRT,2000,0
Portugal,PRT,2005,0
Portugal,PRT,2010,0
Portugal,PRT,2015,0
Puerto Rico,PRI,2000,0.0115015944295
Puerto Rico,PRI,2005,0.0112864928152
Puerto Rico,PRI,2010,0.0112309736116
Puerto Rico,PRI,2015,0.0107758279936
Qatar,QAT,2000,0
Qatar,QAT,2005,0
Qatar,QAT,2010,0
Qatar,QAT,2015,0
Romania,ROU,2000,0
Romania,ROU,2005,0
Romania,ROU,2010,0
Romania,ROU,2015,0
Russia,RUS,2000,0
Russia,RUS,2005,0
Russia,RUS,2010,0
Russia,RUS,2015,0
Rwanda,RWA,2000,93.5359834477
Rwanda,RWA,2005,26.1763833891
Rwanda,RWA,2010,21.5056214075
Rwanda,RWA,2015,21.3096321405
Saint Lucia,LCA,2000,0
Saint Lucia,LCA,2005,0
Saint Lucia,LCA,2010,0
Saint Lucia,LCA,2015,0
Saint Vincent and the Grenadines,VCT,2000,0
Saint Vincent and the Grenadines,VCT,2005,0
Saint Vincent and the Grenadines,VCT,2010,0
Saint Vincent and the Grenadines,VCT,2015,0
Samoa,WSM,2000,0
Samoa,WSM,2005,0
Samoa,WSM,2010,0
Samoa,WSM,2015,0
Sao Tome and Principe,STP,2000,13.0761830742
Sao Tome and Principe,STP,2005,1.80983891574
Sao Tome and Principe,STP,2010,0.132054389602
Sao Tome and Principe,STP,2015,0.0724845129684
Saudi Arabia,SAU,2000,0.0696662046899
Saudi Arabia,SAU,2005,0.0703305839497
Saudi Arabia,SAU,2010,0.0640221899743
Saudi Arabia,SAU,2015,0.056317532403
Scotland,,2000,0
Scotland,,2005,0
Scotland,,2010,0
Scotland,,2015,0
Senegal,SEN,2000,86.9848953094
Senegal,SEN,2005,58.3921668866
Senegal,SEN,2010,41.4688474494
Senegal,SEN,2015,25.0292063111
Serbia,SRB,2000,0
Serbia,SRB,2005,0
Serbia,SRB,2010,0
Serbia,SRB,2015,0
Seychelles,SYC,2000,0
Seychelles,SYC,2005,0
Seychelles,SYC,2010,0
Seychelles,SYC,2015,0
Sierra Leone,SLE,2000,207.808763094
Sierra Leone,SLE,2005,225.557218154
Sierra Leone,SLE,2010,174.054530337
Sierra Leone,SLE,2015,122.750397743
Singapore,SGP,2000,0
Singapore,SGP,2005,0
Singapore,SGP,2010,0
Singapore,SGP,2015,0
Slovakia,SVK,2000,0
Slovakia,SVK,2005,0
Slovakia,SVK,2010,0
Slovakia,SVK,2015,0
Slovenia,SVN,2000,0
Slovenia,SVN,2005,0
Slovenia,SVN,2010,0
Slovenia,SVN,2015,0
Solomon Islands,SLB,2000,73.3854558849
Solomon Islands,SLB,2005,67.4659602869
Solomon Islands,SLB,2010,7.58307676546
Solomon Islands,SLB,2015,4.60237148863
Somalia,SOM,2000,41.2105602193
Somalia,SOM,2005,49.0932079521
Somalia,SOM,2010,10.9706728272
Somalia,SOM,2015,26.6752142703
South Africa,ZAF,2000,0.708926279889
South Africa,ZAF,2005,0.49544145886
South Africa,ZAF,2010,0.324822336192
South Africa,ZAF,2015,0.303542763457
South Korea,KOR,2000,0.0139974419722
South Korea,KOR,2005,0.0082208570326
South Korea,KOR,2010,0.00532740476345
South Korea,KOR,2015,0.00359347834639
South Sudan,SSD,2000,41.7057169763
South Sudan,SSD,2005,40.7938627384
South Sudan,SSD,2010,27.2372398026
South Sudan,SSD,2015,22.8871707889
Spain,ESP,2000,0
Spain,ESP,2005,0
Spain,ESP,2010,0
Spain,ESP,2015,0
Sri Lanka,LKA,2000,0.514090773008
Sri Lanka,LKA,2005,0.21712764346
Sri Lanka,LKA,2010,0.143690940139
Sri Lanka,LKA,2015,0.133257947026
Sudan,SDN,2000,14.8026669961
Sudan,SDN,2005,14.9197483842
Sudan,SDN,2010,7.3487141885
Sudan,SDN,2015,7.79937656739
Suriname,SUR,2000,2.05530899043
Suriname,SUR,2005,1.08186743561
Suriname,SUR,2010,0.566919871086
Suriname,SUR,2015,0.392304337044
Swaziland,SWZ,2000,0.0238997301168
Swaziland,SWZ,2005,0.014617250935
Swaziland,SWZ,2010,0.0296539004144
Swaziland,SWZ,2015,0.0187663726001
Sweden,SWE,2000,0
Sweden,SWE,2005,0
Sweden,SWE,2010,0
Sweden,SWE,2015,0
Switzerland,CHE,2000,0
Switzerland,CHE,2005,0
Switzerland,CHE,2010,0
Switzerland,CHE,2015,0
Syria,SYR,2000,0.0120483334278
Syria,SYR,2005,0
Syria,SYR,2010,0
Syria,SYR,2015,0
Taiwan,TWN,2000,0
Taiwan,TWN,2005,0
Taiwan,TWN,2010,0
Taiwan,TWN,2015,0
Tajikistan,TJK,2000,0.135964203429
Tajikistan,TJK,2005,0.0656733248513
Tajikistan,TJK,2010,0.052432210161
Tajikistan,TJK,2015,0.0497774205731
Tanzania,TZA,2000,99.0343474831
Tanzania,TZA,2005,60.8633217154
Tanzania,TZA,2010,38.7543836667
Tanzania,TZA,2015,27.1461106731
Thailand,THA,2000,0.61390452265
Thailand,THA,2005,0.185748663574
Thailand,THA,2010,0.0794167392968
Thailand,THA,2015,0.0565052664521
Timor,TLS,2000,0.386760779205
Timor,TLS,2005,1.35812643965
Timor,TLS,2010,0.511999929351
Timor,TLS,2015,0.258479180998
Togo,TGO,2000,87.5379353812
Togo,TGO,2005,117.006372591
Togo,TGO,2010,112.719779929
Togo,TGO,2015,97.5608173424
Tonga,TON,2000,0
Tonga,TON,2005,0
Tonga,TON,2010,0
Tonga,TON,2015,0
Trinidad and Tobago,TTO,2000,0
Trinidad and Tobago,TTO,2005,0
Trinidad and Tobago,TTO,2010,0
Trinidad and Tobago,TTO,2015,0
Tunisia,TUN,2000,0
Tunisia,TUN,2005,0
Tunisia,TUN,2010,0
Tunisia,TUN,2015,0
Turkey,TUR,2000,0.0182117840237
Turkey,TUR,2005,0.0112232953873
Turkey,TUR,2010,0.00606988840414
Turkey,TUR,2015,0.00445755291478
Turkmenistan,TKM,2000,0.0322446154279
Turkmenistan,TKM,2005,0.0222350071871
Turkmenistan,TKM,2010,0
Turkmenistan,TKM,2015,0
Uganda,UGA,2000,183.377948812
Uganda,UGA,2005,159.015628211
Uganda,UGA,2010,105.840047211
Uganda,UGA,2015,50.6721873828
Ukraine,UKR,2000,0
Ukraine,UKR,2005,0
Ukraine,UKR,2010,0
Ukraine,UKR,2015,0
United Arab Emirates,ARE,2000,0.0280639497306
United Arab Emirates,ARE,2005,0.0263716228801
United Arab Emirates,ARE,2010,0
United Arab Emirates,ARE,2015,0
United Kingdom,GBR,2000,0
United Kingdom,GBR,2005,0
United Kingdom,GBR,2010,0
United Kingdom,GBR,2015,0
United States,USA,2000,0
United States,USA,2005,0
United States,USA,2010,0
United States,USA,2015,0
United States Virgin Islands,VIR,2000,0.0135369292222
United States Virgin Islands,VIR,2005,0.01306735561
United States Virgin Islands,VIR,2010,0.0130077221261
United States Virgin Islands,VIR,2015,0.0131126713487
Uruguay,URY,2000,0
Uruguay,URY,2005,0
Uruguay,URY,2010,0
Uruguay,URY,2015,0
Uzbekistan,UZB,2000,0.0238840885313
Uzbekistan,UZB,2005,0.0167931075313
Uzbekistan,UZB,2010,0.0117679595356
Uzbekistan,UZB,2015,0
Vanuatu,VUT,2000,10.335232458
Vanuatu,VUT,2005,8.73869430273
Vanuatu,VUT,2010,4.60212541099
Vanuatu,VUT,2015,3.53341420321
Venezuela,VEN,2000,0.115704555078
Venezuela,VEN,2005,0.0789481904477
Venezuela,VEN,2010,0.0662847411314
Venezuela,VEN,2015,0.0663742233038
Vietnam,VNM,2000,1.5128758956
Vietnam,VNM,2005,1.42878489703
Vietnam,VNM,2010,1.33213168764
Vietnam,VNM,2015,1.24853449234
Wales,,2000,0
Wales,,2005,0
Wales,,2010,0
Wales,,2015,0
Yemen,YEM,2000,0.0451163506611
Yemen,YEM,2005,0.0389835855932
Yemen,YEM,2010,0.0355327643942
Yemen,YEM,2015,0.033254442274
Zambia,ZMB,2000,69.6287128905
Zambia,ZMB,2005,44.5032098429
Zambia,ZMB,2010,26.9297333874
Zambia,ZMB,2015,30.2736985613
Zimbabwe,ZWE,2000,6.48517709919
Zimbabwe,ZWE,2005,10.9636178586
Zimbabwe,ZWE,2010,10.3443707077
Zimbabwe,ZWE,2015,9.44004553333
